{
    "": {
        "STKID": "38933056",
        "STKPKGID": "3344337"
    },
    "cium": {
        "STKID": "13386290",
        "STKPKGID": "1332224"
    },
    "kabur": {
        "STKID": "38933047",
        "STKPKGID": "3344337"
    },
    "kaget": {
        "STKID": "38933044",
        "STKPKGID": "3344337"
    },
    "ketawa": {
        "STKID": "17773516",
        "STKPKGID": "1480028"
    },
    "nangis": {
        "STKID": "15483857",
        "STKPKGID": "1399520"
    },
    "ue9d88cf13fb3fef8d6904ed8fcebcfb6": true
}