{"u829fa6976d190f79df4a47e12fe7d6f7": [{"qr": "line://au/q/MFDnAFMXmyPtkNpjBbh3SgE79CrlgyDw", "tkn": "http://api.eater.pw/tkn/CHROMEOS/MFDnAFMXmyPtkNpjBbh3SgE79CrlgyDw"}], "u6347d96f19332503ee90b48d630ec27e": [{"qr": "line://au/q/anrP8riiFR6qOqNs92e7qDZBz23HQOH3", "tkn": "http://api.eater.pw/tkn/CHROMEOS/anrP8riiFR6qOqNs92e7qDZBz23HQOH3"}], "ud30f6c0c5130663ea94f96519fb74303": [{"qr": "line://au/q/dEkYCTtrAdRiZ2ssChQqA7V9fHjXHLVX", "tkn": "http://api.eater.pw/tkn/CHROMEOS/dEkYCTtrAdRiZ2ssChQqA7V9fHjXHLVX"}]}